{
  "has_text": 0.10193428564982382,
  "has_face": -0.1411211798562608,
  "one_person": -0.10570259454492313,
  "high_contrast": -0.3327424948519599,
  "busy_background": 0.036110520642640344,
  "neutral_expression": -0.02229103478555713,
  "neutral_colors": -0.08913329276508584,
  "smile": 0.021828570591379527,
  "too_many_people": -0.2561308439947388,
  "no_face": 0.14112117985625447,
  "no_text": -0.10193428564977802,
  "plain_background": -0.03611052064264323,
  "warm_colors": -0.22870675355752196,
  "intense_expression": 0.45484195900896435,
  "excessive_text": 0.10192711118624811,
  "multiple_faces": -0.035418585311322796,
  "low_face_confidence": 0.34419212537109795,
  "intercept": 1.3223112792736051,
  "score_min": 0.3074290414162586,
  "score_max": 1.4401229313719544
}