{
  "has_text": 0.06832444808130703,
  "has_face": 0.04810579695447669,
  "one_person": 0.016477849328656657,
  "two_people": 0.07999427920988922,
  "many_people": 0.02446467576177789,
  "no_people": 0.011106699474377013,
  "expr_neutral": 0.04885449332789942,
  "expr_smile": 0.020757294254423523,
  "expr_surprise": 0.018800349691864088,
  "expr_intense": 0.04097300652263547,
  "color_neutral": 0.02032570706132863,
  "color_warm": 0.04217144567757149,
  "color_cold": 0.0941237674710108,
  "bg_busy": 0.045224311213927136,
  "bg_plain": 0.04604093041838212,
  "bg_blur": 0.0,
  "high_contrast": 0.02451308823667749,
  "text_short": 0.06725246597296887,
  "text_medium": 0.06854029528493433,
  "text_long": 0.08385519577688891,
  "face_conf_high": 0.09303445458612836,
  "face_conf_medium": 0.03705944569287483,
  "model_type": "GradientBoostingClassifier",
  "roc_auc": 0.5081237826477695,
  "threshold_top_performer": 0.001773857509758575
}